Chemspider ID,Common Name,molNum,Interest
780,Auxin,,
2169,Atrazine,,
6085,Ethylene,,
6309,Isoprene,,
4444606,Jasmonic Acid,,
23208,Ozone,,
4444418,(+)-Abscisic acid,,
6223,(+)-Giberillic acid,,
3698,Kinetin,,
395716,trans-Zeatin,,
30999,Diphenylurea,,
21105998,Thymol,,
388386,(S)-(-)-Limonene,,
13876103,Eugenol,,
917,Nicotine,,
2424,Caffeine,,
4450907,Morphine,,
7930,Ergotamine,,
10194105,Atropine,,
84989,Quinine,,
108426,dihydroquinine,,
393012,Retinol,,
4518347,Methoprene,,"Commonly used insecticide, can result from degrading retinol"